{
  "nominal": {
    "open": {
      "ess": 0.0026953008362724518,
      "Mp": 0,
      "ts": 781.5
    },
    "lin": {
      "ess": 0.00000515697259118042,
      "Mp": 0,
      "ts": 260.5
    },
    "nl": {
      "ess": 0.11863029663799551,
      "Mp": 0,
      "ts": 279.5
    }
  },
  "disturbed_final_error": {
    "open": 5.987189244503677,
    "lin": 0.007873688104819365,
    "nl": 0.12556566765826815
  }
}